always_blocks,and_count,bind_count,case_count,dff_count,estimated_depth,if_count,instance_count,module_name,module_type,mux_count,not_count,num_cells,num_wires,or_count,plus_count,signal_count,term_count,xor_count
3,0,5,5,5,12,10,1,edge_detector,Sequential,2,1,1,4,0,0,7,7,0
3,0,8,5,1,9,10,1,priority_encoder,Sequential,,0,5,8,0,0,4,9,0
3,0,1,5,,11,10,1,shift_reg,Memory,,0,,,0,0,4,4,0
3,0,1,5,1,8,10,1,clock_gating_cell,Sequential,1,0,2,4,0,0,3,3,0
3,0,2,5,,12,10,1,bin2dec,Arithmetic,,4,,,0,3,2,3,0
3,0,4,5,,8,10,1,Comparator,Combinational,3,0,6,8,0,0,5,6,0
3,3,3,5,,6,10,1,combinational_logic,Combinational,,1,5,11,1,0,8,8,0
3,0,272,5,,11,10,3,parity_based_mux_demux,Arithmetic,,0,,,0,2,17,275,1
3,0,13,5,,9,10,4,adder_subtractor,Arithmetic,,0,,,0,2,16,16,0
3,2,1,5,,8,10,1,xor_module,Combinational,,2,5,7,1,0,3,3,0
3,3,2,5,,8,10,1,max_finder,Combinational,3,0,8,10,0,0,5,5,0
3,0,2,5,3,14,10,1,rotator,Sequential,8,0,1,5,0,0,6,6,0
3,0,4,5,,9,10,1,mux4_ctrl,Combinational,,1,2,7,0,0,6,9,0
3,0,1,5,,9,10,1,adder_subtractor,Arithmetic,1,0,3,6,0,1,4,4,0
3,0,5,5,,11,10,1,barrel_shifter,Combinational,3,0,3,8,0,0,7,9,0
3,36,3,5,,11,10,1,top_module,Combinational,16,2,21,25,0,0,12,12,0
3,0,3,5,2,11,10,1,bcd_counter,Counter,2,0,1,4,0,1,5,5,0
3,2,4,5,,14,10,1,top_module,Sequential,5,2,12,21,1,0,12,12,0
3,0,2,5,1,12,10,1,shift_register,Sequential,2,0,3,8,0,0,6,6,0
3,0,2,5,4,10,10,1,ram_rw,Memory,3,0,9,13,0,0,8,8,0
3,0,3,5,2,9,10,1,toggle2pulse,Combinational,3,1,7,10,0,0,6,6,1
3,9,14,5,10,13,10,1,fifo_async_4bit_wr_logic,Arithmetic,33,3,56,68,0,3,22,23,0
3,0,2,5,,9,10,1,test,Arithmetic,,0,,,6,1,4,6,0
3,0,6,5,,8,10,1,hls_contrast_streibs_DSP48_6,Arithmetic,,0,2,9,0,1,9,9,0
3,1,7,5,4,10,10,1,m26_rx_ch,Interface,5,1,22,27,3,3,11,11,0
3,0,9,5,2,12,10,1,up_down_counter_adder,Counter,6,1,11,17,0,3,11,15,0
3,0,2,5,4,10,10,1,memory16,Combinational,3,0,9,12,0,0,6,6,0
3,0,6,5,,12,10,1,Sensor_Interface,Combinational,,0,,,0,0,8,10,0
3,2,6,5,2,11,10,1,modulator,Combinational,5,0,20,27,0,0,10,10,1
3,3,1,5,,8,10,1,buffer,Combinational,,0,0,2,2,0,2,2,0
3,0,4,5,,9,10,1,full_adder,Combinational,,0,2,7,0,5,7,7,0
3,6,3,5,,8,10,1,sky130_fd_sc_hvl__and3,Combinational,1,0,3,10,0,0,8,10,0
3,3,6,5,,11,10,1,barrel_shifter,Combinational,1,5,1,4,0,0,5,9,0
3,0,4,5,9,13,10,1,chatgpt_generate_RAM,Memory,19,0,49,56,0,2,11,11,0
3,0,5,5,,11,10,1,barrel_shifter,Combinational,1,0,6,8,0,0,3,7,0
3,3,4,5,,9,10,1,and_module,Interface,,4,,,0,0,8,8,0
3,0,2,5,,11,10,1,counter,Counter,2,0,5,8,0,1,5,5,0
3,0,1,5,,6,10,1,mux_2to1,Combinational,1,0,1,4,0,0,4,4,0
3,0,5,5,,8,10,1,nor3,Combinational,,1,3,10,2,0,8,8,0
3,0,4,5,,12,10,1,add_sub_mux,Arithmetic,7,0,15,25,0,1,14,14,0
3,2,99,5,,15,10,1,hamming_code,Arithmetic,,1,0,9,0,10,11,102,4
3,0,10,5,5,12,10,1,iq_comp,Sequential,10,0,19,32,0,1,18,18,0
3,0,1,5,,12,10,1,comparator,Arithmetic,2,1,5,6,0,3,3,3,0
3,0,2,5,,12,10,1,counter_4bit,Counter,2,0,6,8,0,1,4,4,0
3,0,1,5,1,13,10,1,counter,Counter,3,0,6,10,0,1,5,5,0
3,0,1,5,,11,10,1,digital_system,Arithmetic,1,0,6,10,0,3,5,5,0
3,0,25,5,,11,10,1,mux6to1_pipeline,Combinational,2,0,10,18,0,0,11,32,0
3,0,7,5,2,11,10,1,seq_detector,Combinational,5,1,15,16,0,0,4,8,0
3,0,2,5,2,11,10,1,binary_counter,Counter,3,0,7,9,0,1,4,4,0
3,0,7,5,2,7,10,1,outbuf,Combinational,1,0,3,8,0,0,8,10,0
3,0,8,5,,7,10,1,vio_0,Sequential,,0,0,9,0,0,9,9,0
3,0,214,5,,11,10,36,top_module,Arithmetic,1,0,3,6,0,7,183,217,0
3,0,5,5,,9,10,1,PWM,Memory,,0,0,5,0,1,5,7,0
3,9,7,5,,11,10,1,WB_intercon,Combinational,,1,,,0,0,13,13,0
3,2,3,5,,8,10,1,three_to_one,Combinational,,4,,,0,0,6,6,0
3,0,2,5,,9,10,1,FFT,Combinational,,0,,,0,0,4,6,0
3,0,5,5,,10,10,1,mux4to1,Combinational,,0,5,7,0,0,3,7,0
3,1,28,5,,7,10,5,binary_adder_4bit,Combinational,,0,1,7,0,0,41,41,0
3,0,3,5,3,8,10,1,dff_module,Combinational,,3,0,4,0,0,5,5,0
3,0,5,5,,13,10,1,top_module,Counter,15,0,25,31,0,1,8,8,0
3,0,4,5,2,11,10,1,pwm_to_speaker,Sequential,,1,4,7,0,1,4,6,0
3,0,14,5,,13,10,3,top_module,Arithmetic,2,1,7,10,0,2,17,19,0
3,2,5,5,,7,10,1,full_adder,Combinational,,0,5,8,1,0,7,7,2
3,1,15,5,16,14,10,1,fifo,Memory,64,1,126,131,1,3,17,20,0
3,0,5,5,5,14,10,1,ad_jesd_align,Interface,5,1,11,14,1,0,8,8,0
3,0,2,5,1,11,10,1,shift_register,Sequential,1,0,2,6,0,0,5,5,0
3,0,9,5,,14,10,1,Key_Command_Controller,Memory,8,0,23,29,1,0,11,15,2
3,8,4,5,,12,10,1,forwarding_unit,Combinational,8,0,24,40,0,0,18,20,0
3,0,25,5,,10,10,1,traffic_light_controller,Sequential,2,0,8,11,0,0,8,28,0
3,0,15,5,,8,10,4,arithmetic_module,Arithmetic,,0,5,10,0,3,17,20,0
3,0,2,5,,10,10,1,mux4to1,Combinational,4,0,8,14,0,0,7,7,0
3,1,10,5,,13,10,1,WireDelay,Combinational,,2,,,3,0,9,12,0
3,0,0,5,,9,10,1,vector_test,Arithmetic,,13,,,0,8,3,3,0
3,0,9,5,,10,10,1,arithmetic_module,Arithmetic,1,0,6,8,0,1,6,11,0
3,0,28,5,,14,10,2,top_module,Sequential,1,0,0,12,0,0,22,35,0
3,0,2,5,2,11,10,1,adder,Sequential,2,0,6,11,0,2,7,7,0
3,21,12,5,9,17,10,1,wr_mux,Combinational,72,0,109,114,0,2,25,25,0
3,9,2,5,,10,10,1,my_logic,Combinational,1,3,9,14,7,0,6,6,0
3,0,13,5,7,12,10,1,crc_generator_checker,Memory,7,1,17,24,0,0,15,17,2
3,0,2,5,1,13,10,1,shift_register,Sequential,2,0,3,8,0,0,6,6,0
3,5,17,5,10,16,10,1,wb_tube,Memory,36,2,65,74,0,0,22,26,0
3,0,3,5,,11,10,1,chatgpt_generate_JC_counter,Counter,,0,6,8,0,0,5,5,4
3,0,3,5,1,11,10,1,sync_load_counter,Counter,2,0,6,11,0,1,8,8,0
3,0,3,5,,9,10,1,BOR,Arithmetic,,0,,,0,1,4,5,0
3,0,1,5,,6,10,1,inv_clk,Combinational,,1,1,2,0,0,2,2,0
3,0,2,5,,8,10,1,EchoCancellation,Combinational,,0,1,3,0,0,3,4,0
3,1,4,5,,6,10,1,and_nand,Combinational,,0,1,4,0,0,6,6,0
3,1,6,5,,6,10,1,sky130_fd_sc_lp__inputiso0p,Combinational,,1,2,8,0,0,8,8,0
3,0,1,5,1,10,10,1,binary_counter,Counter,1,0,3,5,0,1,3,3,0
3,18,60,5,4,16,10,1,axi_to_fifo,Arithmetic,21,4,37,58,0,4,32,68,0
3,0,1,5,,10,10,1,xor_8bit,Combinational,1,0,2,5,0,0,4,4,1
3,0,1,5,1,13,10,1,counter,Counter,4,0,9,12,0,1,4,4,0
3,0,9,5,,9,10,1,priority_encoder,Arithmetic,,1,5,8,0,2,2,10,0
3,0,3,5,2,11,10,1,binary_counter,Counter,4,0,7,12,0,1,7,7,0
3,0,5,5,,7,10,1,byte_reverse,Combinational,,0,0,6,0,0,6,6,0
3,1,7,5,,10,10,1,bitwise_operations,Arithmetic,,0,11,14,1,1,4,10,1
3,0,7,5,,9,10,1,clk_phase_shifter,Arithmetic,,0,2,7,0,1,7,9,1
3,2,10,5,,13,10,2,top_module,Arithmetic,2,0,5,11,1,1,16,16,2
3,0,4,5,,6,10,1,two_input_and_gate,Combinational,,0,0,3,0,0,6,6,0
3,6,5,5,1,12,10,1,barrel_shifter,Counter,3,2,10,14,0,2,3,7,0
3,3,5,5,1,14,10,1,addsub_16bit,Sequential,2,2,17,24,2,5,10,10,0
3,0,4,5,,7,10,1,four_bit_adder,Combinational,,0,,,2,2,7,7,0
3,0,12,5,3,12,10,1,ad_csc_1,Memory,1,0,10,20,0,3,15,19,0
3,0,1,5,1,9,10,1,d_ff_sr,Sequential,1,0,2,5,0,0,4,4,0
3,2,1,5,,7,10,1,vd12401,Combinational,,0,2,5,2,0,4,4,2
3,2,7,5,9,13,10,1,fifo,Counter,21,2,43,47,0,3,12,12,0
3,0,9,5,,6,10,1,multiplier_block,Arithmetic,,0,3,10,0,1,10,10,0
3,6,7,5,4,13,10,1,fifo,Combinational,8,0,14,22,0,5,12,12,0
3,0,1,5,,14,10,1,counter,Counter,3,0,8,11,0,1,4,4,0
3,0,4,5,3,11,10,1,multiplier_8bit,Sequential,1,0,6,11,0,0,7,7,0
3,6,16,5,,16,10,1,uart_rx,Memory,53,1,95,93,0,12,12,20,0
3,1,4,5,,12,10,1,switch,Sequential,,0,3,9,1,0,8,8,0
3,0,3,5,,9,10,1,mux_2to1,Combinational,1,0,1,4,0,0,4,6,0
3,0,9,5,2,10,10,2,up_counter,Arithmetic,3,1,7,12,0,1,11,12,0
3,0,2,5,,9,10,1,mux_4to1_enable,Combinational,13,0,16,19,0,0,8,8,0
3,0,3,5,,14,10,1,shift_register,Memory,1,0,2,7,0,0,6,7,0
3,3,8,5,,13,10,1,fifo_buffer,Combinational,,0,,,0,3,11,13,0
3,0,4,5,4,9,10,1,divider,Combinational,4,0,12,13,0,2,5,5,0
3,0,21,5,,11,10,1,PLL_DLL,Arithmetic,,0,,,0,5,17,25,0
3,8,6,5,,9,10,1,top_module,Combinational,1,0,13,17,0,0,10,10,0
3,0,3,5,,10,10,1,signExt,Combinational,1,0,1,2,0,0,2,4,0
3,0,12,5,,10,10,1,priority_encoder,Control,1,0,7,11,0,0,6,16,0
3,0,2,5,,6,10,1,nor_buf,Combinational,,1,3,7,2,0,5,5,0
3,3,4,5,,10,10,1,full_adder,Combinational,,0,7,10,2,0,5,7,2
3,64,2,5,4,14,10,1,rising_edge_detector,Sequential,35,32,1,4,0,0,5,5,0
3,0,19,5,,7,10,4,adder_32bit,Arithmetic,,0,1,3,0,2,21,21,0
3,0,4,5,4,12,10,1,memory_interface,Memory,8,0,14,18,0,0,7,9,0
3,0,1,5,,9,10,1,check,Combinational,,1,,,0,0,4,4,0
3,21,21,5,3,14,10,1,axi4_lite_ip_core,Combinational,13,4,20,37,0,0,26,31,0
3,0,25,5,,11,10,1,input_pipeline,Combinational,24,0,48,52,0,0,28,29,0
3,6,7,5,7,13,10,1,fifo,Memory,14,2,32,38,0,3,12,12,0
3,0,23,5,8,16,10,1,uart_rx,Memory,36,0,70,73,0,11,11,26,0
3,0,4,5,4,11,10,1,decade_counter_pipeline,Counter,8,0,13,16,0,1,7,7,0
3,2,5,5,,7,10,1,FULL_ADDER,Combinational,,0,5,8,1,0,8,8,2
3,0,3,5,,12,10,1,compression_decompression,Combinational,1,0,2,4,0,0,4,4,0
3,0,16,5,,17,10,1,mem_test,Memory,,1,,,0,2,18,21,0
3,1,8,5,,10,10,1,bitwise_and_or,Combinational,2,0,4,9,1,0,7,11,0
3,8,5,5,,11,10,1,carry_lookahead_adder,Arithmetic,2,0,2,5,7,2,7,7,1
3,0,1,5,,10,10,1,buffer_module,Combinational,1,0,1,5,1,0,2,2,0
3,3,4,5,,8,10,1,magnitude_comparator_4bit,Combinational,,2,7,11,0,2,6,6,0
3,0,4,5,4,9,10,1,seven_segment_decoder,Sequential,,0,15,17,0,0,5,5,0
3,0,1,5,,6,10,1,mux2to1,Combinational,1,0,1,4,0,0,4,4,0
3,0,2,5,1,10,10,1,binary_up_counter,Memory,1,0,3,5,0,1,3,4,0
3,6,16,5,13,11,10,3,fifo_8_16,Combinational,26,2,3,2,0,1,23,24,3
3,0,1,5,1,11,10,1,dff_with_enable_and_set,Combinational,2,0,3,7,0,0,5,5,0
3,7,9,5,,9,10,1,karnaugh_map,Combinational,,9,59,41,0,0,6,14,0
3,0,4,5,3,10,10,1,scratchpad_ram,Memory,3,0,8,11,0,0,6,8,0
3,0,5,5,1,10,10,1,pipelined_multiplier,Counter,5,0,5,9,0,2,9,9,0
3,2,2,5,,7,10,1,logic_module,Combinational,,1,3,6,0,0,5,5,0
3,0,38,5,7,16,10,2,sd_controller,Memory,18,1,40,52,0,1,34,44,2
3,0,15,5,1,10,10,1,decoder_2to4_adder,Sequential,,1,8,16,0,1,13,18,0
3,0,21,5,,9,10,1,DAC,Combinational,,0,16,18,0,0,3,22,0
3,0,7,5,2,8,10,1,xor_gate,Combinational,,0,3,6,0,0,8,9,1
3,0,1,5,1,11,10,1,counter,Counter,2,0,4,7,0,1,4,4,0
3,9,10,5,5,12,10,1,fifo_queue,Combinational,13,1,29,36,0,2,15,16,0
3,0,12,5,1,10,10,1,RingOscillatorInterface,Memory,,0,2,6,0,2,4,13,0
3,0,48,5,,12,10,4,top_module,Counter,1,0,3,8,0,2,18,52,0
3,0,13,5,,14,10,1,stratixii_reorder_output,Combinational,6,0,15,15,0,0,5,16,0
3,2,7,5,,7,10,1,comparator_4bit,Combinational,,2,9,11,1,0,9,9,1
3,0,6,5,,11,10,1,two_to_four_decoder,Combinational,1,0,6,8,0,0,3,8,0
3,0,2,5,1,7,10,1,dual_edge_ff,Sequential,,0,1,3,0,0,4,4,0
3,0,53,5,,9,10,1,binary_to_bcd_converter,Combinational,,0,66,69,0,0,6,54,0
3,0,4,5,4,10,10,1,buffer,Combinational,4,0,10,15,0,0,8,10,0
3,1,5,5,,15,10,1,accu,Counter,6,1,18,23,0,4,10,10,0
3,0,3,5,5,15,10,1,stack_pointer,Sequential,13,0,24,29,0,2,9,9,0
3,0,7,5,3,11,10,1,servo_control,Memory,6,0,12,15,0,1,6,10,0
3,0,3,5,,7,10,1,sdio_function_template,Combinational,,0,0,4,0,0,5,6,0
3,8,11,5,,6,10,1,my_xor3,Combinational,,3,14,18,3,0,14,14,0
3,0,36,5,1,11,10,3,top_module,Memory,1,1,3,11,0,1,21,40,0
3,6,56,5,,15,10,1,fifo,Memory,14,1,46,51,3,4,14,60,0
3,0,9,5,,6,10,1,JNOR8C,Combinational,,9,16,24,7,0,17,17,0
3,3,6,5,1,14,10,1,rcswitch_send,Sequential,11,1,21,29,0,0,12,12,0
3,3,21,5,,9,10,5,top_module,Arithmetic,1,1,0,3,2,5,25,25,0
3,0,9,5,,11,10,1,power_manager,Sequential,,0,,,0,1,7,13,0
3,0,4,5,1,13,10,1,simple_calculator,Memory,2,0,8,15,0,1,8,10,0
3,0,12,5,,11,10,1,calculator,Arithmetic,,4,20,23,0,1,7,15,0
3,0,3,5,3,15,10,1,calculator,Arithmetic,6,0,26,31,0,1,8,8,0
3,0,4,5,,10,10,1,tracking_camera_system_switch,Sequential,,1,0,7,0,0,8,8,0
3,0,7,5,5,12,10,1,ripple_carry_adder_subtractor,Sequential,3,3,16,23,0,4,10,10,1
3,0,2,5,2,13,10,1,calculator,Sequential,3,0,15,20,0,1,7,7,0
3,15,47,5,,11,10,5,top_module,Sequential,,9,4,7,0,0,23,49,0
3,0,4,5,2,12,10,1,async_reset_release,Memory,4,0,8,11,0,1,5,6,0
3,0,10,5,4,15,10,1,sequential_multiplier,Counter,5,0,10,14,0,2,9,14,0
3,0,3,5,3,10,10,1,sram,Combinational,4,0,9,14,0,0,9,9,0
3,4,16,5,3,16,10,1,digital_clock,Sequential,18,4,48,53,0,4,11,21,0
3,0,1,5,1,10,10,1,clock_gating,Combinational,2,0,3,6,0,0,4,4,0
3,0,3,5,2,11,10,1,counter_8bit,Counter,4,0,7,11,0,1,6,6,0
3,0,5,5,,7,10,1,comparator_2bit,Combinational,1,0,2,8,0,0,7,7,0
3,0,4,5,,10,10,1,adder4,Combinational,,0,2,7,0,5,7,7,0
3,3,5,5,,13,10,1,accu,Counter,8,2,17,22,0,2,10,10,0
3,4,10,5,,11,10,1,fifo_full_block,Arithmetic,2,1,16,21,0,3,13,14,4
3,0,1,5,1,11,10,1,counter,Counter,2,0,4,7,0,1,4,4,0
3,3,3,5,3,12,10,1,count_signal,Counter,5,1,14,17,0,1,6,6,0
3,0,6,5,2,11,10,1,address_operation,Combinational,2,0,8,11,0,4,5,9,0
3,6,1,5,,11,10,1,signal_converter,Combinational,,3,12,15,3,0,4,4,0
3,0,38,5,1,17,10,1,getID_4digits,Combinational,27,0,61,61,0,0,6,40,0
3,0,5,5,,22,10,1,min_shift_register,Sequential,,0,,,1,0,11,11,0
3,2,7,5,1,15,10,1,traffic_light_controller,Memory,8,4,28,30,0,3,6,9,0
3,0,2,5,2,10,10,1,clock_gate,Sequential,2,1,5,8,0,0,5,5,0
3,0,18,5,,9,10,1,bit_counter,Combinational,,0,20,21,0,0,2,19,0
3,0,2,5,2,12,10,1,shift_register,Sequential,4,0,6,10,0,0,6,6,0
3,0,2,5,,15,10,1,shift_register,Combinational,1,0,3,9,0,0,7,7,0
3,1,823,5,1,12,10,203,top_module,Counter,1,0,1,3,1,13,618,829,1
3,6,20,5,,19,10,1,level2arch,Memory,,2,,,0,10,12,23,0
3,0,3,5,,10,10,1,HysteresisComparator,Arithmetic,,0,,,0,1,2,4,0
3,0,28,5,,10,10,3,top_module,Combinational,4,1,10,13,0,0,13,31,0
3,3,9,5,,10,10,1,nor_4to1_mux,Combinational,1,4,3,11,5,0,10,14,0
3,0,22,5,1,10,10,4,top_module,Sequential,1,0,3,11,1,0,24,29,0
3,0,6,5,,8,10,1,Energy_Harvesting_Block,Combinational,,0,0,4,0,0,4,7,0
3,0,5,5,,9,10,1,mux4to1,Combinational,,0,5,10,0,0,6,10,0
3,1,25,5,16,19,10,1,VGA_NIOS_CTRL,Arithmetic,64,1,103,119,0,4,33,33,0
3,0,8,5,6,7,10,1,ddr3_s4_uniphy_p0_hr_to_fr,Sequential,2,0,8,13,0,0,13,13,0
3,0,11,5,,9,10,1,mux16,Combinational,,0,9,18,0,0,10,20,0
3,2,2,5,,8,10,1,full_adder,Combinational,,0,5,8,1,0,5,5,2
3,0,1,5,,12,10,1,counter4,Counter,1,0,4,6,0,1,3,3,0
3,0,1,5,,7,10,1,two_input_logic,Combinational,1,1,3,6,0,0,4,4,1
3,0,2,5,2,14,10,1,counter,Counter,7,1,12,16,0,1,6,6,0
3,1,3,5,2,13,10,1,clock_gate,Sequential,5,2,12,15,0,0,6,6,0
3,0,6,5,,12,10,1,addsub,Arithmetic,3,0,6,9,0,1,5,9,0
3,0,13,5,,8,10,1,mux_4to1_sel2_8_1,Combinational,3,0,3,10,0,0,10,18,0
3,8,9,5,,6,10,1,power_good,Combinational,,0,8,18,0,0,18,18,0
3,1,22,5,2,14,10,3,top_module,Counter,5,1,19,26,1,1,27,27,2
3,1,0,5,,10,10,1,my_module,Combinational,,4,,,0,0,3,3,0
3,0,34,5,,9,10,1,AGC,Combinational,,0,26,29,0,0,5,36,0
3,0,1,5,1,10,10,1,data_extract,Sequential,1,0,2,5,0,0,4,4,0
3,0,3,5,1,14,10,1,mux_johnson_counter,Counter,,0,13,17,0,0,7,7,2
3,0,24,5,7,15,10,1,vga_sync,Arithmetic,28,2,53,57,1,14,13,27,0
3,0,9,5,,10,10,1,parity_generator_checker,Arithmetic,1,0,5,6,0,1,5,11,3
3,0,3,5,1,10,10,1,delay_line,Memory,,0,1,4,0,0,4,5,0
3,0,1,5,,7,10,1,min_finder,Combinational,3,0,6,8,0,0,5,5,0
3,0,11,5,,17,10,1,multiplier,Arithmetic,5,3,16,20,0,3,5,14,0
3,198,108,5,,13,10,1,carry_select_adder,Arithmetic,,1,1,10,198,9,9,111,200
3,2,4,5,1,8,10,1,sync_signal,Sequential,,2,5,8,0,0,6,6,0
3,0,24,5,,10,10,1,bcd_code,Combinational,,0,16,17,0,0,3,25,0
3,0,5,5,,12,10,1,priority_encoder,Control,,0,0,2,0,0,2,6,0
3,0,1,5,1,11,10,1,counter_module,Counter,2,0,4,7,0,1,4,4,0
3,0,3,5,2,9,10,1,d_to_jk_ff,Sequential,,2,5,7,0,0,5,5,1
3,0,10,5,,11,10,2,top_module,Combinational,1,0,3,7,0,0,9,13,0
3,2,3,5,2,7,10,1,dual_edge_ff,Sequential,,0,1,7,1,0,5,5,2
3,0,4,5,2,12,10,1,triangular_wave,Counter,2,0,8,12,0,2,5,5,0
3,0,3,5,,6,10,1,mux4,Combinational,,0,1,13,0,0,13,13,0
3,11,5,5,,11,10,1,four_to_one,Combinational,,6,18,26,3,0,9,9,0
3,0,11,5,,9,10,1,Hyperbolic_Functions,Arithmetic,,0,,,0,2,8,12,0
3,0,13,5,2,10,10,1,io_config,Sequential,3,0,5,21,0,0,21,21,0
3,0,13,5,,9,10,2,mux_256_to_1,Arithmetic,,0,9,10,0,1,6,15,0
3,0,37,5,,9,10,1,second_largest,Combinational,9,0,16,22,0,0,16,42,0
3,9,7,5,,10,10,1,memory_protection_blocks,Combinational,1,0,5,8,0,0,4,9,0
3,1,5,5,,10,10,1,led_controller,Sequential,1,1,7,16,1,0,11,11,0
3,0,2,5,2,11,10,1,flip_flop,Sequential,4,1,7,11,0,0,6,6,0
3,2,13,5,2,12,10,1,barrier_module,Memory,5,1,19,27,2,0,16,18,1
3,0,173,5,,18,10,1,DCT,Arithmetic,,0,,,0,8,4,174,0
3,1,2,5,1,9,10,1,SNPS_CLOCK_GATE_HIGH_Up_counter_COUNTER_WIDTH4,Counter,1,0,3,8,0,0,6,6,0
3,0,8,5,,11,10,1,add_sub,Arithmetic,4,0,13,17,1,3,6,12,0
3,0,2,5,,9,10,1,synchronizer_ff,Combinational,,1,0,4,0,0,5,5,0
3,0,82,5,,10,10,10,add_sub_split,Arithmetic,1,0,2,6,0,4,85,85,0
3,0,1,5,,6,10,1,mux_2to1,Combinational,1,0,1,4,0,0,4,4,0
3,0,3,5,,8,10,1,adder_8bit,Combinational,,0,1,4,0,1,4,5,0
3,18,5,5,1,11,10,1,min_value,Counter,1,0,5,11,0,1,5,9,0
3,0,1,5,,10,10,1,binary_counter,Counter,,0,2,5,0,1,3,3,0
3,0,2,5,3,12,10,1,dual_port_RAM,Memory,4,1,10,16,0,0,9,9,0
3,12,5,5,,7,10,1,four_bit_adder,Combinational,,0,23,13,3,0,8,8,8
3,0,3,5,,7,10,1,my_module,Combinational,,0,,,0,0,8,8,0
3,0,1,5,,11,10,1,binary_to_gray,Sequential,,0,8,5,0,0,4,4,7
3,0,1,5,,12,10,1,up_down_counter,Counter,,0,,,1,1,4,4,0
3,0,1,5,1,11,10,1,counter,Counter,2,0,5,7,0,1,3,3,0
3,1,5,5,,7,10,1,combinational_circuit,Combinational,2,2,7,10,1,0,7,7,1
3,2,1,5,,8,10,1,sky130_fd_sc_lp__nand3,Combinational,,1,3,10,0,0,8,8,0
3,0,11,5,3,16,10,1,Timer,Memory,13,0,28,30,0,2,6,14,0
3,24,33,5,,9,10,1,decoder_4to16,Combinational,,28,52,47,0,0,19,35,0
3,1,22,5,,7,10,4,top_module,Combinational,,1,0,6,1,1,26,26,1
3,0,3,5,3,12,10,1,counter_modulo3,Counter,5,1,12,14,0,2,5,5,0
3,22,12,5,,13,10,1,adder,Combinational,,0,51,40,14,1,5,14,15
3,0,40,5,,13,10,1,multiplier,Arithmetic,16,0,0,6,0,3,6,42,0
3,0,1,5,,10,10,1,counter_async_reset,Counter,,0,2,5,0,1,3,3,0
3,1,5,5,,10,10,1,wasca_hexdot,Sequential,1,1,7,16,1,0,11,11,0
3,3,16,5,1,12,10,1,stratixiv_tsdblock,Memory,1,0,3,18,0,5,17,23,0
3,1,22,5,3,13,10,3,top_module,Counter,9,1,18,24,3,3,25,27,1
3,0,3,5,3,11,10,1,dual_ff,Memory,6,0,9,14,0,0,8,8,0
3,0,4,5,,9,10,1,binary_adder,Arithmetic,,0,1,4,0,1,4,6,0
3,0,8,5,2,9,10,1,ds8dac1,Sequential,,0,4,7,0,2,7,10,0
3,0,3,5,,7,10,1,four_bit_adder,Combinational,,0,2,7,0,2,6,6,0
3,1,3,5,,7,10,1,bool_func,Combinational,,0,3,6,1,0,6,6,1
3,6,6,5,3,18,10,1,uart_tx,Counter,19,2,28,33,0,8,11,11,0
3,0,4,5,,10,10,1,barrel_shifter,Combinational,1,0,3,8,1,0,5,7,0
3,0,2,5,3,8,10,1,memory,Combinational,,0,5,7,0,0,5,5,2
3,0,1,5,,7,10,1,binary_to_gray,Combinational,,0,3,2,0,0,2,2,3
3,0,1,5,,10,10,1,counter,Counter,,0,2,5,0,1,3,3,0
3,0,5,5,,11,10,1,booth_multiplier,Arithmetic,,0,3,6,0,1,5,7,1
3,1,17,5,,12,10,1,alu,Arithmetic,2,1,30,33,1,2,4,20,2
3,4,5,5,,9,10,1,my_module,Combinational,,3,9,16,2,0,8,8,0
3,0,2,5,,11,10,1,shift_register_gated,Sequential,,0,0,4,0,0,5,5,0
3,0,2,5,2,11,10,1,gray_to_bcd,Memory,2,0,3,7,0,1,4,4,0
3,0,2,5,1,11,10,1,shift_right,Sequential,1,0,2,6,0,0,4,4,0
3,0,3,5,,10,10,1,priority_encoder,Control,4,0,5,6,0,0,4,4,0
3,2,6,5,,6,10,1,digital_circuit,Combinational,,1,4,11,1,0,13,13,0
3,0,2,5,,12,10,1,dff,Sequential,4,1,7,12,0,0,7,7,0
3,0,2,5,,7,10,1,sky130_fd_sc_hd__parity_gen,Combinational,,0,,,0,0,3,3,0
3,4,6,5,,8,10,1,sky130_fd_sc_hs__mux4_2,Combinational,4,4,10,18,0,0,12,12,0
3,0,5,5,,9,10,1,glitch_free_mux,Sequential,,0,,,0,0,8,8,0
3,0,8,5,,11,10,1,fixed_point_arithmetic,Arithmetic,,0,9,13,0,5,5,11,0
3,12,8,5,6,13,10,1,rx_fifo,Interface,12,3,28,35,0,3,14,14,0
3,3,4,5,,11,10,1,adder_4bit,Arithmetic,,0,7,10,2,2,5,7,0
3,0,6,5,,11,10,1,ripple_addsub,Arithmetic,4,0,7,10,0,1,5,9,0
3,0,5,5,2,13,10,1,LCB,Memory,5,0,9,14,0,1,6,8,0
3,0,5,5,4,10,10,1,single_port_RAM,Memory,4,0,10,13,0,0,6,9,0
3,0,3,5,2,13,10,1,shift_left_register,Sequential,6,0,8,14,0,0,8,8,0
3,6,6,5,,11,10,1,signal_selector,Combinational,2,0,9,18,0,0,12,15,1
3,3,11,5,1,9,10,1,OneHotStateMachine,Memory,,5,16,17,0,0,3,12,0
3,0,38,5,,11,10,3,top_module,Arithmetic,1,0,2,10,0,2,19,41,0
3,1,6,5,,8,10,2,top_module,Combinational,,0,,,0,0,7,9,2
3,0,1,5,,10,10,1,modulo,Combinational,1,0,3,5,0,0,3,3,0
3,0,1,5,1,14,10,1,up_down_counter,Counter,5,0,10,14,0,1,5,5,0
3,0,2,5,,5,10,1,a,Combinational,,0,0,2,0,0,2,2,0
3,0,7,5,1,13,10,1,bt_transmitter,Memory,4,0,10,13,0,0,7,10,0
3,0,5,5,,8,10,1,shift_left,Combinational,,0,0,2,0,0,2,6,0
3,0,6,5,4,16,10,1,longest_sequence_detection,Counter,19,0,30,35,0,3,9,9,0
3,0,5,5,,13,10,1,ROM,Combinational,,0,5,3,0,0,3,7,0
3,0,15,5,3,9,10,1,seven_segment,Sequential,,0,14,16,0,0,5,16,0
3,2,5,5,,7,10,1,four_bit_adder,Combinational,,0,5,9,1,0,8,8,2
3,1,16,5,1,11,10,4,top_module,Sequential,1,1,5,9,1,0,19,20,1
3,0,3,5,3,12,10,1,comparator_4bit,Sequential,8,0,13,17,0,0,7,7,0
3,0,1,5,,8,10,1,Modulo,Combinational,,0,3,5,0,0,3,3,0
3,0,6,5,1,10,10,2,top_module,Memory,2,0,9,13,0,1,8,8,0
3,0,38,5,32,13,10,1,shift_register,Combinational,32,0,97,102,0,2,7,42,0
3,0,16,5,,10,10,1,freq_synth,Combinational,,0,,,0,0,10,19,0
3,0,3,5,2,12,10,1,flag_domain_crossing_ce,Combinational,3,1,7,12,0,0,8,8,1
3,0,1,5,,7,10,1,comparator_3bit,Combinational,1,0,2,4,0,0,3,3,0
3,2,2,5,,10,10,1,mux2to1,Combinational,,1,4,7,1,0,4,5,0
3,13,17,5,,12,10,1,adder_8bit,Combinational,,0,1,4,12,1,9,19,3
3,0,1,5,,7,10,1,slice_module,Combinational,,0,0,2,0,0,2,2,0
3,3,3,5,,6,10,1,my_module,Combinational,,0,4,11,1,0,8,8,0
3,2,7,5,,6,10,1,logic_operation,Combinational,,0,3,11,1,0,11,11,0
3,0,4,5,,8,10,1,decoder_2to4,Combinational,,8,24,35,16,0,6,6,0
3,0,4,5,,9,10,1,adder_4bit,Arithmetic,,0,1,4,0,1,4,6,0
3,3,2,5,,9,10,1,full_adder,Combinational,,0,7,10,2,0,5,5,2
3,6,7,5,,13,10,1,five_to_one,Combinational,5,2,9,14,0,0,6,12,0
3,5,3,5,,10,10,1,my_module,Combinational,,3,12,16,4,0,7,7,0
3,0,6,5,,14,10,1,top_module,Arithmetic,5,0,13,19,0,1,10,12,0
3,0,1,5,,7,10,1,adder,Combinational,,0,1,3,0,1,3,3,0
3,0,4,5,,15,10,1,counter,Counter,4,0,17,20,0,1,6,6,0
3,0,15,5,,11,10,1,niosii_nios2_gen2_0_cpu_nios2_oci_dbrk,Sequential,,1,0,23,2,0,24,24,0
3,3,49,5,,11,10,1,control,Combinational,,0,0,14,12,0,14,52,0
3,0,2,5,1,13,10,1,shift_reg_32,Sequential,2,0,3,9,0,0,7,7,0
3,0,2,5,1,11,10,1,my_clock_gate,Sequential,2,0,3,6,0,0,5,5,0
3,2,20,5,7,15,10,1,wb_mcb_32,Counter,24,2,35,69,0,0,41,41,0
3,0,1,5,1,12,10,1,shift_register,Sequential,2,0,3,7,0,0,5,5,0
3,8,7,5,,14,10,1,eth_outputcontrol,Combinational,6,2,31,39,5,0,15,15,0
3,0,3,5,2,8,10,1,excess_3_converter,Combinational,,0,3,6,0,1,4,4,0
3,0,2,5,1,11,10,1,counter,Combinational,2,0,5,9,0,1,5,5,0
3,1,26,5,13,18,10,1,singlecycleprocessor,Memory,34,1,80,91,1,2,28,28,1
3,2,34,5,,11,10,5,adder_subtractor,Arithmetic,1,1,5,8,1,5,31,38,2
3,0,9,5,,14,10,1,tuner_slice_1k,Memory,,0,,,0,1,12,14,0
3,0,7,5,,8,10,1,uart_baud_clk,Memory,2,0,5,7,0,1,5,9,0
3,1,1,5,,14,10,1,rotator,Sequential,2,0,2,9,1,0,6,6,1
3,0,1,5,1,13,10,1,binary_counter,Counter,3,0,6,9,0,1,4,4,0
3,0,33,5,,12,10,1,MAX6682_SPI_FSM,Combinational,,2,1,13,0,0,15,38,0
3,0,7,5,,10,10,1,LogExp,Combinational,,0,,,0,0,5,9,0
3,0,6,5,,11,10,1,magnitude_comparator_4bit,Combinational,1,1,8,10,0,0,6,8,0
3,0,5,5,1,11,10,1,onehot_state_machine,Combinational,,0,7,10,0,0,3,6,0
3,0,28,5,1,12,10,3,top_module,Sequential,2,1,3,15,1,3,32,36,0
3,0,2,5,,7,10,1,bitwise_or,Combinational,,0,1,4,1,0,4,4,0
3,0,6,5,3,14,10,1,mealy_fsm_4bit_sequence_detection,Memory,7,0,14,17,0,0,6,9,0
3,1,4,5,,6,10,1,digital_circuit,Combinational,,2,4,8,1,0,7,7,0
3,0,1,5,,10,10,1,counter,Counter,1,0,3,5,0,1,3,3,0
3,0,28,5,,13,10,2,top_module,Counter,,0,,,0,3,12,32,1
3,0,3,5,,7,10,1,ddr_sdram_controller,Combinational,,0,0,38,0,0,41,44,0
3,0,3,5,,10,10,1,parity,Combinational,,1,2,3,0,1,3,4,0
3,3,16,5,,11,10,1,core_btb,Memory,,0,,,0,0,19,24,11
3,0,5,5,1,10,10,1,top_module,Counter,5,1,12,16,0,1,7,7,0
3,3,24,5,,8,10,5,Adder4,Combinational,,0,7,10,2,0,27,27,2
3,0,3,5,,7,10,1,mux_xor,Combinational,3,0,5,9,1,0,7,7,1
3,0,5,5,,10,10,1,calculator,Arithmetic,,0,9,12,0,1,4,8,0
3,0,5,5,,8,10,1,shift_register,Combinational,,0,0,2,0,0,2,6,0
3,0,1,5,,8,10,1,mux_2to1,Combinational,1,0,3,7,0,0,3,3,0
3,0,2,5,3,8,10,1,Initial_blk_mem_gen_prim_width__parameterized20,Memory,,0,5,6,0,0,4,4,0
3,0,25,5,,7,10,4,pipelined_module,Arithmetic,,0,1,7,0,6,26,26,0
3,0,6,5,,7,10,1,top_module,Combinational,,0,0,7,0,0,8,8,0
3,12,11,5,6,12,10,1,fifo,Memory,12,2,29,35,0,3,15,16,0
3,0,24,5,,11,10,1,Convolutional_Encoder_Viterbi_Decoder,Combinational,2,1,6,9,0,0,5,25,0
3,0,1,5,1,11,10,1,ODDR,Combinational,2,0,3,8,0,0,6,6,0
3,9,3,5,,10,10,1,verilog_module,Combinational,1,2,6,14,0,0,9,11,0
3,50,5,5,2,14,10,1,carry_lookahead_adder,Counter,2,0,3,9,28,4,7,7,1
3,1,19,5,,11,10,1,bit_reverse,Arithmetic,,1,4,17,1,1,4,20,1
3,0,5,5,,9,10,1,mux4x1,Combinational,,0,5,10,0,0,6,10,0
3,0,3,5,2,9,10,1,register_adder,Combinational,2,0,5,9,0,1,7,7,0
3,0,1,5,,10,10,1,phase_detector,Arithmetic,,0,,,0,2,3,3,1
3,81,8,5,,11,10,1,d_ff_reset,Sequential,,1,,,0,0,15,15,0
3,0,5,5,4,9,10,1,shift_register,Sequential,1,0,5,9,0,0,8,8,0
3,0,73,5,,17,10,1,wavelet_transform,Arithmetic,,0,0,7,0,10,8,76,0
3,6,5,5,3,9,10,1,mem_protect,Combinational,4,0,12,16,0,0,7,10,0
3,0,1,5,,11,10,1,test,Arithmetic,,0,29,37,0,1,9,9,14
3,0,4,5,4,9,10,1,mul_add,Sequential,,0,7,11,0,2,8,8,0
3,15,15,5,,12,10,1,fifo_24bit,Memory,,5,,,0,2,16,20,0
3,6,21,5,2,11,10,1,driver_vga_640x480,Memory,6,0,22,25,0,6,9,22,0
3,0,7,5,,10,10,1,PLL,Arithmetic,,0,,,0,3,8,10,1
3,0,12,5,,9,10,1,bcd_to_7seg_decoder,Combinational,,0,2,6,0,0,2,13,0
3,0,4,5,4,10,10,1,regfile,Sequential,3,0,9,14,0,0,9,9,0
3,0,4,5,,7,10,1,binary_adder,Combinational,,0,2,8,0,2,7,7,0
3,0,2,5,,7,10,1,add_subtract,Combinational,1,0,4,7,0,1,4,4,0
3,0,4,5,,11,10,1,main,Arithmetic,,0,,,0,1,10,11,0
3,0,8,5,1,12,10,2,shift_reg_comp,Combinational,2,0,4,10,0,0,11,13,0
3,0,6,5,1,12,10,1,top_module,Sequential,2,0,5,14,1,0,11,11,0
3,0,14,5,,13,10,1,four_bit_multiplier,Arithmetic,,0,7,11,0,2,5,16,0
3,0,3,5,,10,10,1,adder,Arithmetic,,0,,,0,1,3,5,0
3,0,6,5,,11,10,1,priority_encoder,Control,,0,0,7,1,0,5,10,0
3,0,8,5,,11,10,1,addsub_4bit,Arithmetic,4,0,8,13,0,1,7,11,0
3,0,2,5,1,9,10,1,clock_gate_d_ff_en,Combinational,2,1,3,7,0,0,6,6,0
3,2,1,5,,7,10,1,and_gate,Combinational,,0,2,5,0,0,4,4,0
3,0,3,5,,8,10,1,mux_2to1,Combinational,1,0,1,4,0,0,4,6,0
3,0,3,5,3,13,10,1,TDC,Counter,5,0,13,16,0,1,6,6,0
3,0,1,5,1,10,10,1,counter,Counter,1,0,3,5,0,1,3,3,0
3,2,38,5,,7,10,5,adder,Combinational,,0,5,8,1,0,41,41,2
3,1,3,5,,7,10,1,d_ff_gated_clock,Combinational,2,1,4,7,0,0,6,6,0
3,0,18,5,1,12,10,1,touch_sensor_interface,Combinational,3,0,7,11,0,0,5,21,0
3,0,8,5,3,9,10,1,binary_to_bcd_converter,Sequential,,0,3,10,0,0,10,10,0
3,0,2,5,2,8,10,1,xor_comb_ff,Sequential,,0,3,6,0,0,5,5,1
3,0,1,5,,10,10,1,data_converter,Combinational,1,1,2,3,0,0,2,2,0
3,0,3,5,2,10,10,1,PWM,Counter,1,0,6,9,0,1,5,5,0
3,1,3,5,,7,10,1,binary_to_3bit_decoder,Combinational,,0,0,4,0,0,4,4,0
3,0,3,5,3,11,10,1,counter,Counter,2,0,6,10,0,1,7,7,0
3,0,1,5,1,10,10,1,counter,Counter,1,0,3,5,0,1,3,3,0
3,2,2,5,,9,10,1,half_adder,Combinational,1,0,13,23,1,0,4,4,1
3,0,2,5,1,11,10,1,counter_2bit,Counter,1,0,5,8,0,1,4,4,0
3,0,11,5,7,17,10,1,calculator,Sequential,16,0,32,42,0,1,17,17,0
3,0,12,5,4,10,10,1,hw1_B,Sequential,16,1,32,36,0,0,12,16,0
3,0,7,5,,10,10,1,calculator,Arithmetic,,0,9,13,0,1,5,10,0
3,3,55,5,1,11,10,9,adder,Memory,2,0,7,10,2,2,49,60,2
3,6,10,5,6,12,10,1,net2pci_dma_512x32,Combinational,13,2,30,36,0,3,15,15,0
3,0,4,5,,8,10,1,adder_subtractor,Combinational,2,1,6,12,0,2,7,7,0
3,0,2,5,,7,10,1,magnitude_comparator,Combinational,,0,2,4,0,0,4,4,0
3,0,6,5,1,10,10,1,stdreg_en,Memory,1,1,2,8,0,0,7,9,0
3,0,1,5,,7,10,1,shift_left_wrap,Combinational,,0,0,2,0,0,2,2,0
3,0,12,5,4,13,10,1,FIFO_pixelq_op_img_rows_V_channel_shiftReg,Combinational,1,0,9,14,0,4,7,16,0
3,0,2,5,1,10,10,1,d_ff_asynchronous,Sequential,2,1,4,8,0,0,6,6,0
3,3,1,5,1,15,10,1,max_value,Counter,2,0,3,7,0,1,5,5,0
3,0,16,5,,11,10,2,decade_counter,Counter,1,0,1,5,0,1,8,19,0
3,1,3,5,,8,10,1,LCD_driver,Combinational,,0,3,2,1,0,2,4,1
3,4,16,5,,10,10,1,mux_logic,Combinational,,0,20,31,4,0,16,27,4
3,0,2,5,,13,10,1,memory,Memory,,0,,,0,9,6,6,0
3,0,4,5,,10,10,1,clk32to40,Memory,,0,0,4,0,1,4,5,0
3,2,4,5,,9,10,1,priority_encoder,Control,,4,21,13,0,0,2,5,0
3,2,25,5,,15,10,3,top_module,Sequential,3,2,9,19,1,4,31,31,0
3,3,33,5,7,15,10,1,transpose_4x4,Arithmetic,38,0,46,43,0,2,13,38,0
3,0,6,5,11,12,10,1,blk_mem_gen_2port,Memory,19,0,36,40,0,0,11,14,0
3,1,12,5,8,13,10,1,cpci_clock_checker,Arithmetic,21,3,49,53,0,2,14,18,0
3,0,6,5,3,10,10,1,regfile,Sequential,3,0,12,19,0,0,14,14,0
3,0,15,5,,9,10,1,state_machine,Memory,,1,7,9,0,0,4,17,0
3,0,2,5,2,11,10,1,async_sr_ff,Sequential,4,1,7,11,0,0,6,6,0
3,0,3,5,,10,10,1,nor4_module,Combinational,1,1,4,8,3,0,5,7,0
3,0,35,5,,18,10,1,exin,Combinational,2,0,37,40,1,0,4,38,0
3,1,2,5,,14,10,1,shift_register,Counter,1,3,7,12,0,1,7,7,0
3,9,2,5,2,13,10,1,counter_2bit,Counter,7,2,14,16,0,0,4,4,0
3,0,17,5,,16,10,1,execute_load_data,Combinational,9,0,18,21,0,0,5,21,0
3,0,10,5,,10,10,1,pre_decoder,Combinational,2,0,14,9,0,0,5,11,0
3,0,4,5,,10,10,1,mag_comparator,Combinational,2,0,4,6,0,0,3,6,0
3,2,11,5,,17,10,1,pipeline,Sequential,,0,,,0,1,20,20,0
3,1,7,5,,7,10,1,adder_with_multiplexer,Combinational,1,0,6,10,1,1,10,10,2
3,0,2,5,1,11,10,1,counter_4bit_sync_reset,Counter,2,0,4,8,0,1,5,5,0
3,0,1,5,1,11,10,1,binary_counter,Counter,2,0,4,7,0,1,4,4,0
3,12,3,5,3,15,10,1,timer,Counter,9,1,20,26,0,1,9,9,0
3,6,5,5,5,15,10,1,hash,Counter,15,1,33,39,0,2,12,12,1
3,0,1,5,,8,10,1,decoder,Combinational,1,1,3,5,0,0,3,3,0
3,0,2,5,4,12,10,1,frame_buffer,Memory,4,1,12,17,0,1,8,8,0
3,0,5,5,,9,10,1,mux4to1,Combinational,,0,5,10,0,0,6,10,0
3,1,12,5,1,10,10,3,top_module,Sequential,3,2,10,12,0,0,15,15,0
3,0,3,5,,10,10,1,compare_module,Combinational,,3,,,0,0,3,5,1
3,0,2,5,,12,10,1,memory_controller,Memory,,0,,,0,0,8,8,0
3,0,18,5,,8,10,1,hex7seg,Combinational,,0,17,18,0,0,2,19,0
3,0,5,5,,8,10,1,Zigbee,Combinational,,0,,,0,0,2,7,0
3,0,1,5,,7,10,1,byte_reverse,Combinational,1,0,1,3,0,0,2,2,1
3,0,15,5,37,11,10,1,fifo_generator,Memory,41,2,211,216,0,2,11,19,0
3,1,1,5,,6,10,1,and_gate,Combinational,,0,1,3,0,0,3,3,0
3,0,1,5,,12,10,1,barrel_shifter,Combinational,1,1,5,9,0,0,5,5,0
3,0,2,5,4,12,10,1,memory_controller,Memory,8,0,14,18,0,0,7,7,0
3,7,10,5,,12,10,1,binary_adder,Combinational,,0,21,20,7,0,4,12,7
3,0,7,5,,17,10,3,top_module,Combinational,,0,2,4,0,0,8,8,40
3,6,4,5,1,14,10,1,shift_register,Memory,3,2,8,15,0,0,8,9,0
3,0,15,5,1,11,10,4,top_module,Counter,2,0,8,13,0,2,21,21,0
3,1,20,5,,12,10,4,top_module,Counter,1,1,4,7,0,1,23,23,0
3,11,2,5,,11,10,1,th34_ref,Combinational,1,7,23,28,3,0,6,6,0
3,0,18,5,,8,10,1,binary_to_7seg,Combinational,,0,17,18,0,0,2,19,0
3,0,2,5,1,12,10,1,shift_register,Sequential,2,0,3,8,0,0,6,6,0
3,1,7,5,,10,10,1,alu,Arithmetic,,0,11,14,1,1,4,10,1
3,100,407,5,,12,10,1,pipelined_adder,Combinational,,0,400,405,99,10,206,408,3
3,0,3,5,2,12,10,1,clock_control,Combinational,4,0,8,11,0,0,5,5,0
3,0,2,5,4,10,10,1,memory,Combinational,3,0,9,12,0,0,6,6,0
3,0,8,5,,8,10,1,byte_sum_and_multiply,Arithmetic,,0,1,5,0,1,5,9,0
3,0,35,5,,18,10,1,FFT_IFFT,Arithmetic,,0,,,0,27,18,47,0
3,28,2,5,,9,10,1,decoder,Combinational,,1,29,15,0,0,3,3,0
3,3,14,5,,9,10,3,eight_bit_adder,Arithmetic,,0,2,8,2,2,23,23,0
3,1,3,5,,14,10,1,uart_tx,Counter,2,1,6,10,0,0,6,6,0
3,0,3,5,2,7,10,1,dual_edge_triggered_ff,Sequential,,0,2,5,0,0,5,5,0
3,0,5,5,,11,10,1,chatgpt_generate_JC_counter,Counter,,0,5,7,0,0,7,7,0
3,0,4,5,5,12,10,1,RAM256,Memory,8,0,15,19,0,0,8,9,0
3,0,19,5,1,16,10,4,top_module,Sequential,1,1,4,9,0,0,20,23,1
3,0,3,5,1,14,10,1,ShiftRegister,Memory,3,0,4,10,0,0,7,8,0
3,9,7,5,,8,10,1,bw_io_cmos_edgelogic,Combinational,1,3,8,18,0,0,14,14,0
3,0,1,5,1,12,10,1,up_down_counter_3bit,Counter,3,0,8,10,0,1,3,3,0
3,0,2,5,1,10,10,1,clock_gate,Sequential,2,0,3,8,0,0,6,6,0
3,0,4,5,2,10,10,1,adder,Sequential,,0,4,10,0,2,8,8,0
3,0,4,5,4,10,10,1,xor_pipeline,Combinational,,0,7,10,0,0,6,6,3
3,3,48,5,,15,10,1,TCPWM,Arithmetic,,0,0,18,0,3,22,55,0
3,0,5,5,4,9,10,1,shift_register_4bit,Sequential,4,0,8,12,0,0,8,8,0
3,0,5,5,8,10,10,1,dual_port_ram,Memory,6,0,18,23,0,0,10,12,0
3,0,24,5,10,13,10,1,delay_module,Combinational,10,0,20,25,0,2,6,27,0
3,0,4,5,,7,10,1,input_order,Combinational,,0,0,8,0,0,8,8,0
3,0,1,5,,11,10,1,counter,Counter,1,1,4,8,0,2,4,4,0
3,0,11,5,3,8,10,1,popcount_pipeline,Combinational,,0,11,15,0,8,12,12,0
3,3,5,5,7,12,10,1,fifo_buffer,Memory,15,0,30,35,0,3,11,11,0
3,1,2,5,,7,10,1,half_adder,Combinational,,0,2,4,1,0,4,4,1
3,0,1,5,1,10,10,1,counter,Counter,1,0,3,5,0,1,3,3,0
3,1,2,5,,10,10,1,mux_2to1,Combinational,1,1,3,7,0,0,5,6,0
3,18,14,5,,13,10,1,solution,Arithmetic,,7,,,5,4,15,15,5
3,1,2,5,,6,10,1,my_module,Combinational,,1,3,6,1,0,5,5,0
3,0,5,5,,9,10,1,sum_two_msb,Combinational,,4,,,0,0,2,6,0
3,0,3,5,,7,10,1,comparator_8bit,Combinational,3,0,6,8,0,0,5,5,0
3,6,15,5,,10,10,1,fifo_generator,Arithmetic,,2,,,0,3,18,21,0
3,0,34,5,8,13,10,1,binary_to_bcd,Sequential,16,0,30,40,0,4,3,35,0
3,1,4,5,2,9,10,1,serial_binary_adder,Memory,,0,1,3,0,1,6,6,1
3,3,15,5,,14,10,1,binary_edge_detector,Memory,,2,,,2,1,6,18,4
3,1,1,5,,7,10,1,and_gate,Combinational,,1,2,4,0,0,3,3,0
3,0,2,5,,8,10,1,multiplexor,Combinational,1,0,1,4,0,0,4,5,0
3,3,6,5,,6,10,1,custom_logic,Combinational,,2,6,10,1,0,9,9,0
3,0,6,5,3,13,10,1,shift_register_incrementer_xor,Memory,5,0,11,18,0,1,10,10,1
3,0,4,5,3,11,10,1,top_module,Counter,2,1,7,10,1,1,6,6,0
3,0,2,5,1,11,10,1,barrel_shifter,Combinational,,0,10,14,0,0,5,5,0
3,1,8,5,7,13,10,1,ps2,Sequential,31,4,62,57,3,2,10,10,0
3,0,7,5,3,14,10,1,stratixv_read_fifo,Arithmetic,3,0,7,17,0,4,12,14,0
3,0,3,5,2,14,10,1,rotator_encoder,Sequential,9,0,21,27,1,0,8,8,0
3,0,37,5,,13,10,1,signed_divider,Arithmetic,5,3,14,23,0,6,12,39,0
3,0,7,5,,11,10,1,current_source_sink,Combinational,2,0,4,8,0,0,5,10,0
3,0,2,5,,8,10,1,logic_gate,Combinational,,2,5,8,2,0,5,5,1
3,0,3,5,,12,10,1,shift_register,Combinational,,0,,,1,0,6,6,0
3,0,2,5,2,12,10,1,ripple_carry_adder,Combinational,4,0,8,14,0,2,8,8,0
3,0,12,5,,8,10,1,input_output_pipeline,Combinational,,0,0,11,0,0,11,17,0
3,3,25,5,,8,10,5,four_bit_adder,Combinational,,0,7,10,2,0,28,28,2
3,0,13,5,1,10,10,3,top_module,Sequential,1,0,3,8,0,2,17,17,0
3,1,5,5,,7,10,2,and_control,Combinational,1,0,1,4,0,0,8,8,0
3,0,2,5,1,11,10,1,comparator_2bit,Sequential,1,1,2,8,1,0,4,4,0
3,0,18,5,,10,10,1,mux16to1,Combinational,,0,17,19,0,0,3,20,0
3,0,3,5,,12,10,1,top_module,Memory,,0,,,0,1,8,8,1
3,0,9,5,6,12,10,1,vending_machine,Memory,8,0,31,35,0,5,10,13,0
3,12,13,5,19,19,10,1,MIB,Memory,102,2,142,143,0,6,11,19,0
3,0,4,5,1,8,10,1,adder_comparator_decoder,Sequential,1,4,9,10,0,2,7,7,0
3,0,6,5,5,9,10,1,shift_register,Sequential,5,0,10,14,0,0,9,9,0
3,2,14,5,8,13,10,1,axi_stream_fifo,Interface,19,5,36,46,0,3,19,20,0
3,0,2,5,,7,10,1,binary_adder,Combinational,,0,2,6,0,2,5,5,0
3,0,2,5,,8,10,1,multiplexer,Arithmetic,,0,1,3,0,1,4,4,0
3,5,28,5,,16,10,1,alu,Combinational,3,2,33,38,4,0,7,33,3
3,0,3,5,3,7,10,1,shift_register,Sequential,,0,3,5,0,0,4,4,0
3,19,6,5,,10,10,1,cla_4bit_adder,Combinational,,0,36,32,9,6,9,9,2
3,1,5,5,,10,10,1,wasca_hex0,Sequential,1,1,7,16,1,0,11,11,0
3,6,9,5,6,16,10,1,fifo,Memory,22,2,44,49,3,3,12,15,0
3,9,8,5,4,14,10,1,chris_slave,Combinational,9,2,24,32,1,0,15,15,0
3,0,4,5,,8,10,1,magnitude_comparison,Combinational,,0,2,4,0,0,4,6,0
3,3,2,5,,9,10,1,comparator,Combinational,2,1,6,9,0,0,4,4,0
3,0,19,5,,12,10,1,binary_puncture_encoder,Combinational,,0,9,11,0,0,5,21,0
3,0,17,5,,10,10,1,chatgpt_generate_JC_counter,Counter,,1,17,20,0,0,19,19,0
3,10,9,5,,13,10,1,adder_4bit_carry,Arithmetic,,0,23,22,6,1,7,12,7
3,0,2,5,4,10,10,1,memory_module,Memory,4,0,10,14,0,0,7,7,0
3,3,6,5,,14,10,1,pulse_detection,Counter,9,0,24,28,0,1,10,10,0
3,0,1,5,,10,10,1,counter,Counter,,1,2,5,0,1,3,3,0
3,0,4,5,3,11,10,1,barrel_shifter,Sequential,,0,20,24,0,0,6,6,0
3,0,1,5,,11,10,1,decoder_2to4_with_enable,Combinational,1,0,6,9,0,0,4,4,0
3,2,2,5,4,13,10,1,rising_edge_detector,Sequential,4,1,1,4,0,0,5,5,0
3,3,16,5,,12,10,1,onlyonecycle,Counter,5,5,23,26,0,0,8,19,0
3,0,1,5,1,9,10,1,dff_negedge_reset,Combinational,1,0,2,5,0,0,4,4,0
3,0,40,5,,11,10,4,battery_management_system,Combinational,,0,,,3,0,27,46,0
3,0,1,5,,9,10,1,mux_256to1_comb,Arithmetic,,0,1,3,0,1,3,3,0
3,0,1,5,1,9,10,1,ring_counter,Counter,,0,1,2,0,0,2,2,0
3,2,8,5,,8,10,1,Comparator,Combinational,,3,10,12,1,0,9,10,1
3,0,3,5,1,10,10,1,d_ff_async_rst_set,Sequential,2,1,4,9,0,0,7,7,0
3,0,2,5,4,12,10,1,ram_4x8,Memory,8,0,14,18,0,0,7,7,0
3,0,4,5,4,12,10,1,mag_comparator_4bit,Sequential,4,0,12,15,0,0,6,6,0
3,0,1,5,1,13,10,1,binary_counter,Counter,3,0,5,10,0,1,6,6,0
3,0,1,5,,11,10,1,mux4_1_enable,Combinational,1,0,7,11,0,0,5,5,0
3,0,56,5,,14,10,1,binary_multiplier,Arithmetic,,2,22,24,0,31,7,58,0
3,5,5,5,,9,10,1,vending_machine,Combinational,3,2,12,16,2,0,9,9,0
3,0,15,5,,8,10,3,top_module,Combinational,1,0,2,5,0,6,17,17,0
3,0,17,5,,8,10,1,karnaugh_map,Combinational,,0,19,23,0,0,5,21,0
3,0,34,5,,9,10,1,karnaugh_map,Combinational,,0,35,40,0,0,6,39,0
3,0,19,5,,9,10,1,pipelined_mux,Combinational,,0,7,20,0,0,14,26,0
3,0,15,5,,7,10,4,top_module,Combinational,1,0,4,8,0,0,19,19,0
3,0,11,5,2,12,10,1,priority_encoder,Control,6,0,2,6,0,0,12,12,0
3,48,6,5,2,13,10,1,FSM,Combinational,19,16,35,38,0,0,4,7,0
3,2,178,5,2,12,10,1,int_alu,Sequential,,1,52,56,2,4,6,182,2
3,0,2,5,1,9,10,1,shift_register,Sequential,,0,1,4,0,0,4,4,0
3,0,8,5,,10,10,1,Comparator,Combinational,2,0,7,9,0,0,6,10,0
3,0,9,5,7,14,10,1,non_restoring_divider,Memory,14,0,34,37,0,1,12,13,0
3,0,4,5,,12,10,1,chatgpt_generate_JC_counter,Counter,,0,3,5,0,0,5,6,1
3,1,22,5,6,17,10,1,rbo_test,Counter,40,0,66,84,0,6,24,24,0
3,0,1,5,,7,10,1,BUFFER16,Combinational,,0,0,2,0,0,2,2,0
3,0,1,5,1,13,10,1,calculator,Sequential,1,0,11,16,0,1,6,6,0
3,0,5,5,1,22,10,1,LED7SEG,Combinational,23,0,44,50,0,1,11,11,0
3,0,2,5,2,11,10,1,dff_with_async_set_reset,Sequential,4,1,7,11,0,0,6,6,0
3,3,4,5,,7,10,1,nand2_en,Combinational,,2,5,8,0,0,7,7,0
3,30,8,5,,8,10,1,Forwarding,Combinational,4,1,21,27,6,0,8,14,0
3,0,1,5,,8,10,1,OR4B,Combinational,,0,3,11,3,0,9,9,0
3,255,279,5,1,12,10,1,top_module,Arithmetic,1,0,538,288,0,3,6,280,0
3,0,0,5,,7,10,1,external_interface,Interface,,0,,,0,0,38,38,0
3,1,10,5,,13,10,1,DCSC,Combinational,4,2,12,17,1,0,11,17,1
3,0,1,5,1,12,10,1,shift_register,Sequential,2,0,3,7,0,0,5,5,0
3,0,9,5,,10,10,1,addsub_4bit,Arithmetic,2,0,4,7,0,1,6,12,0
3,6,9,5,,9,10,1,multi_gate_module,Combinational,,5,18,21,6,0,14,14,1
3,0,23,5,,15,10,1,addsub,Arithmetic,10,2,19,23,0,2,7,27,2
3,0,1,5,1,9,10,1,DFF_SR,Sequential,1,0,2,5,0,0,4,4,0
3,0,3,5,2,11,10,1,one_shot_pulse_generator,Memory,4,0,8,10,0,1,4,5,0
3,0,6,5,,11,10,1,snes_bus_sync,Sequential,3,1,10,15,0,0,10,10,0
3,5,11,5,,14,10,1,TimeHoldOver_Qsys_pps_interrupt,Sequential,3,1,23,32,2,0,18,18,0
3,0,1,5,,11,10,1,up_counter_2bit,Counter,1,0,3,6,0,1,4,4,0
3,0,2,5,2,14,10,1,hpdmc_banktimer,Combinational,8,0,12,18,0,0,8,8,0
3,1,3,5,,6,10,1,sky130_fd_sc_ls__a2111o,Combinational,,0,4,10,3,0,8,8,0
3,0,2,5,,9,10,1,hello,Combinational,,0,0,2,0,0,2,2,0
3,3,130,5,,8,10,9,top_module,Arithmetic,,0,12,24,2,4,132,133,0
3,0,3,5,,8,10,1,test07,Combinational,4,2,17,21,0,2,6,6,0
3,0,26,5,,7,10,5,four_bit_adder,Combinational,,0,0,5,0,0,43,43,0
3,0,1,5,1,14,10,1,up_down_counter,Counter,5,0,10,15,0,1,6,6,0
3,0,3,5,,15,10,1,pipelined_shift_register,Sequential,5,1,11,16,0,0,8,8,0
3,0,66,5,,14,10,7,byte_counter,Arithmetic,,0,1,3,0,19,68,68,0
3,1,25,5,13,18,10,1,CPU,Sequential,19,0,49,64,10,5,33,33,0
3,1,3,5,,9,10,1,BOR,Combinational,,0,,,0,0,4,5,0
3,8,17,5,1,9,10,3,top_module,Combinational,1,0,5,12,7,0,21,22,2
3,0,1,5,1,11,10,1,up_down_counter,Counter,2,0,5,8,0,1,4,4,0
3,0,9,5,,14,10,1,thermal_management,Arithmetic,2,0,7,9,0,1,3,10,0
3,0,1,5,1,11,10,1,synchronous_counter,Counter,2,0,4,7,0,1,4,4,0
3,0,1,5,,6,10,1,mux_2to1,Combinational,1,0,1,4,0,0,4,4,0
3,0,16,5,3,12,10,1,fifo,Arithmetic,3,2,7,23,0,5,19,21,0
3,0,1,5,,13,10,1,counter,Counter,2,0,5,9,0,1,5,5,0
3,0,12,5,7,17,10,1,gps_receiver,Memory,18,1,32,36,0,1,11,15,0
3,0,10,5,,11,10,1,curr_source_sink,Combinational,4,0,7,12,0,0,7,13,0
3,0,1,5,1,10,10,1,reg_ena_rst,Sequential,2,0,3,7,0,0,5,5,0
3,9,28,5,20,10,10,1,check_float_ops,Sequential,,8,45,53,3,0,31,31,0
3,0,54,5,,12,10,1,adler_checksum,Arithmetic,,0,32,36,1,3,5,55,0
3,0,11,5,4,17,10,1,vending_machine,Memory,28,0,44,50,0,4,10,17,0
3,0,2,5,,8,10,1,Multiplexer,Combinational,1,0,1,4,0,0,4,5,0
3,0,2,5,,9,10,1,data_filter,Combinational,,0,2,4,0,0,3,3,0
3,0,8,5,2,17,10,1,hamming_code,Sequential,79,1,106,93,0,0,7,12,9
3,0,2,5,,7,10,1,multiplication_module,Combinational,,0,1,4,0,0,4,4,0
3,9,9,5,,16,10,1,priority_encoder,Arithmetic,9,0,4,6,2,6,2,10,4
3,0,6,5,3,11,10,1,bm_match4_str_arch,Arithmetic,3,1,11,19,0,2,14,14,0
3,0,1,5,,8,10,1,barrel_shifter_16bit,Combinational,,0,1,3,0,0,3,3,0
3,3,23,5,1,13,10,1,accu,Sequential,2,1,8,13,0,2,11,28,0
3,0,13,5,,11,10,1,mm_sop2,Arithmetic,,0,8,16,0,4,16,16,0
3,0,2,5,1,12,10,1,shift_register_4bit,Sequential,2,0,3,8,0,0,6,6,0
3,9,19,5,2,13,10,1,vga,Memory,7,0,29,35,3,10,11,21,0
3,0,21,5,,8,10,3,top_module,Arithmetic,1,0,8,17,0,4,24,24,3
3,2,5,5,,10,10,1,add_sub,Combinational,1,1,6,10,1,1,8,8,8
3,0,3,5,,9,10,1,adder,Arithmetic,,8,,,12,1,5,5,0
3,1,5,5,,7,10,1,buffer_power_good,Combinational,2,1,4,12,1,0,12,12,0
3,0,3,5,,7,10,1,md5_hash,Combinational,,0,0,8,0,0,14,16,0
3,0,4,5,,8,10,1,mag_comparator,Combinational,,0,3,5,0,0,5,6,0
3,0,6,5,6,9,10,1,pipeemreg,Sequential,6,0,12,20,0,0,14,14,0
3,0,0,5,,7,10,1,can_transmitter,Interface,,0,,,0,0,3,3,0
3,0,6,5,1,13,10,1,top_module,Counter,1,0,13,18,0,1,10,10,8
3,1,1,5,1,9,10,1,edge_detector,Sequential,,1,1,4,0,1,3,3,1
3,0,8,5,,7,10,1,complexMultiply,Arithmetic,,0,6,12,0,1,12,12,0
3,0,18,5,14,12,10,1,top_module,Memory,18,0,52,47,1,4,16,29,0
3,3,10,5,7,10,10,1,fifo_buffer,Sequential,8,2,25,30,0,3,13,13,0
3,0,1,5,,6,10,1,bitwise_and,Combinational,,0,,,0,0,3,3,0
3,0,1,5,1,8,10,1,flip_flop,Sequential,1,1,2,5,0,0,4,4,0
3,0,4,5,,8,10,1,parity,Arithmetic,,1,1,4,0,2,4,5,1
3,0,2,5,,8,10,1,xor_8bit,Combinational,,0,1,3,0,0,3,4,1
3,0,1,5,,11,10,1,binary_counter,Counter,1,0,1,5,0,2,3,3,0
3,0,12,5,,10,10,1,comparator,Combinational,5,0,7,9,0,0,5,14,0
3,2,2,5,,8,10,1,full_adder,Combinational,,0,5,8,1,0,5,5,2
3,4,7,5,,7,10,1,nand_full_adder,Combinational,,7,14,17,0,0,10,10,3
3,3,11,5,,12,10,1,niosii_nios2_gen2_0_cpu_nios2_avalon_reg,Sequential,4,2,12,24,1,0,20,20,0
3,0,6,5,,7,10,2,va5ad63,Combinational,,0,0,2,1,0,4,7,0
3,6,20,5,3,11,10,1,pipelined_addsub,Sequential,6,3,17,24,0,2,12,23,0
3,6,1,5,,11,10,1,seven_input_one_output,Combinational,,0,6,13,0,0,8,8,0
3,0,5,5,5,8,10,1,shift_register,Sequential,1,0,6,9,0,0,8,8,0
3,0,15,5,,11,10,1,eg_limiter,Arithmetic,3,1,12,18,0,2,12,21,0
3,0,15,5,8,12,10,3,top_module,Memory,17,1,35,41,0,0,22,22,0
3,0,0,5,,4,10,1,power_ground,Combinational,,0,,,0,0,4,4,0
3,1,65,5,,7,10,15,top_module,Combinational,,0,1,3,1,2,66,66,1
3,0,6,5,1,12,10,1,bitwise_rotation,Sequential,9,0,10,10,0,0,6,10,0
3,0,3,5,3,11,10,1,servo_control_block,Counter,3,0,11,13,0,2,5,5,0
3,6,10,5,2,14,10,1,axi_gpio,Combinational,26,0,45,57,0,0,21,21,0
3,6,10,5,9,13,10,1,fifo_generator,Memory,23,0,44,49,0,3,13,15,0
3,0,10,5,9,12,10,1,pipelined_dff,Sequential,10,0,8,12,3,0,13,13,1
3,0,1,5,,9,10,1,wireless_comm,Sequential,,1,0,7,0,0,7,7,0
3,0,2,5,1,12,10,1,bit_change_detector,Memory,8,7,37,11,0,0,5,5,0
3,9,1,5,,10,10,1,sky130_fd_sc_hd__o311ai,Combinational,1,3,8,17,6,0,10,10,0
3,0,19,5,,10,10,1,seven_segment_decoder,Combinational,1,1,19,21,0,0,3,21,0
3,0,2,5,1,7,10,1,delay_one_cycle,Sequential,,0,1,4,0,0,3,3,0
3,1,11,5,,11,10,1,alu_p,Arithmetic,,3,18,23,1,2,6,15,1
3,0,17,5,,7,10,5,greater_value,Arithmetic,1,0,1,6,0,1,19,19,0
3,0,1,5,1,11,10,1,counter,Counter,2,0,4,7,0,1,4,4,0
3,0,1,5,,7,10,1,POR,Combinational,,0,0,1,0,0,1,2,0
3,0,15,5,8,14,10,1,manchester,Memory,4,4,28,26,0,4,10,23,12
3,4,8,5,,6,10,1,sky130_fd_sc_hdll__a32oi,Combinational,,2,6,16,0,0,13,13,0
3,0,2,5,1,13,10,1,rotator_module,Sequential,2,0,3,13,1,0,6,6,0
3,0,2,5,,12,10,1,clk_div,Counter,2,1,7,9,0,1,4,4,0
3,160,15,5,3,12,10,1,four_digit_display,Counter,5,15,215,218,0,2,7,18,0
3,0,4,5,3,10,10,1,magnitude_comparator,Sequential,2,0,7,11,0,0,6,6,0
3,0,3,5,,7,10,1,binary_adder,Combinational,1,0,2,6,0,1,6,6,0
3,0,5,5,,6,10,1,nor_gate_expression,Combinational,,2,5,10,3,0,9,9,0
3,5,11,5,,12,10,1,binary_adder,Combinational,,0,13,14,3,0,9,14,5
3,4,6,5,,6,10,1,my_module,Combinational,,2,7,15,1,0,13,13,0
3,0,4,5,,10,10,1,schmitt_trigger,Combinational,,0,,,0,0,3,5,0
3,0,16,5,1,15,10,2,ripple_shift,Sequential,4,1,8,21,0,8,24,24,1
3,0,14,5,1,11,10,4,top_module,Counter,2,0,1,2,0,1,17,17,1
3,0,11,5,,7,10,4,top_module,Combinational,,0,,,0,0,12,12,5
3,6,4,5,2,12,10,1,vending_machine,Sequential,7,0,20,25,12,3,9,9,0
3,0,3,5,1,11,10,1,PRNG,Memory,1,0,4,8,0,1,5,6,0
3,1,3,5,,8,10,1,mux4to1,Combinational,4,0,5,6,0,0,5,5,0
3,0,6,5,3,13,10,1,ShiftLeft4,Counter,5,0,10,15,0,2,9,9,0
3,4,11,5,,11,10,1,bitwise_and,Arithmetic,,0,4,4,0,1,4,13,0
3,11,16,5,,10,10,1,combinational_circuit,Combinational,,0,22,24,8,0,17,17,3
3,3,2,5,,9,10,1,adder,Combinational,,0,7,10,2,2,5,5,0
3,0,13,5,1,11,10,3,top_module,Sequential,1,0,3,6,0,0,14,16,0
3,0,10,5,4,16,10,1,fsm_pattern_detection,Memory,17,0,29,34,0,1,9,13,0
3,0,5,5,5,12,10,1,topkeyboard,Combinational,4,1,12,15,0,0,8,8,1
3,0,3,5,2,8,10,1,ones_complement,Combinational,,1,3,6,0,0,4,4,0
3,2,16,5,,15,10,1,arbiter,Control,10,4,24,28,0,0,8,20,0
3,0,10,5,1,10,10,1,control_register_block,Memory,3,0,9,15,0,0,8,15,0
3,0,18,5,1,11,10,1,HexTo7Seg,Counter,,0,6,10,0,1,2,19,2
3,0,16,5,,12,10,1,fsm_3bit_pattern_detection,Combinational,3,0,9,12,0,0,6,19,0
3,0,8,5,1,8,10,3,pipeline_splitter,Sequential,,0,1,3,0,0,9,9,0
3,0,4,5,,7,10,1,bin2gray,Combinational,,0,6,6,0,0,5,5,6
3,0,1,5,,12,10,1,binary_counter,Counter,1,0,4,6,0,1,3,3,0
3,2,13,5,,12,10,3,top_module,Sequential,,0,,,0,0,16,16,0
3,0,50,5,,8,10,1,pc2,Combinational,,0,0,4,0,0,4,52,0
3,0,12,5,,9,10,1,bcd_to_7seg,Combinational,,0,11,12,0,0,2,13,0
3,0,3,5,,11,10,1,sensor_interface,Memory,,1,0,4,0,0,4,5,0
3,0,2,5,,10,10,1,mux_4to1,Combinational,4,0,8,15,0,0,8,8,0
3,0,4,5,,8,10,1,adder_4bit,Arithmetic,,0,1,4,0,1,4,6,0
3,0,1,5,,8,10,1,barrel_shifter,Combinational,2,0,2,3,0,0,3,3,0
3,0,4,5,4,13,10,1,multi_io_module,Sequential,11,0,22,27,0,0,9,9,0
3,0,8,5,,9,10,2,top,Sequential,,0,0,3,0,0,9,10,0
3,0,14,5,,14,10,1,chatgpt_generate_edge_detect,Combinational,,1,0,5,0,0,8,17,0
3,0,10,5,4,13,10,1,Servo_Control_Block,Memory,4,0,16,18,0,2,6,12,0
3,0,14,5,,13,10,1,round_saturation,Arithmetic,3,0,8,13,0,5,6,15,0
3,1,3,5,3,8,10,1,top_module,Sequential,1,0,5,10,0,0,7,7,0
3,34,20,5,,14,10,1,Forwarding,Combinational,12,7,63,69,0,0,10,26,0
3,0,4,5,2,12,10,1,up_down_counter,Counter,2,0,6,11,0,1,9,9,0
3,0,14,5,,7,10,1,lab3_master_0_p2b_adapter,Combinational,,0,0,14,1,0,14,21,0
3,12,11,5,,11,10,1,binary_adder,Combinational,,0,28,28,8,0,6,14,8
3,0,5,5,,9,10,1,mux_4_to_1,Combinational,,0,5,11,0,0,7,11,0
3,0,1,5,1,8,10,1,Pointer,Memory,,0,34,4,0,0,4,4,0
3,3,3,5,,9,10,1,my_module,Combinational,,1,5,9,1,0,7,7,0
3,0,1,5,,7,10,1,mux2,Combinational,1,0,1,4,0,0,4,4,0
3,0,0,5,,8,10,1,elsif_test,Combinational,,0,,,0,6,1,1,0
3,0,15,5,,11,10,1,priority_encoder_twos_complement,Arithmetic,3,1,1,5,0,2,5,16,0
3,6,2,5,2,12,10,1,turnoff_ctrl,Sequential,5,5,11,16,0,0,7,7,0
3,0,2,5,2,11,10,1,detect_sequence,Sequential,7,0,15,17,0,0,4,4,0
3,0,1,5,,8,10,1,multiplier,Combinational,,0,1,3,0,0,3,3,0
3,0,5,5,,8,10,1,xnor3_module,Combinational,,1,3,10,0,0,8,8,2
3,0,4,5,2,9,10,1,motor_control,Counter,3,0,7,14,0,1,8,8,0
3,2,9,5,,8,10,1,pipelined_full_adder,Combinational,,0,0,4,1,0,8,11,2
3,1,19,5,,10,10,4,top_module,Arithmetic,1,1,3,8,1,2,18,23,0
3,1,1,5,,7,10,1,bitwise_and,Combinational,,0,1,3,0,0,3,3,0
3,15,7,5,,12,10,1,nand_mux_4to1,Combinational,,8,23,25,0,0,9,9,0
3,12,43,5,,21,10,1,vending_machine,Memory,55,0,89,97,9,1,22,52,0
3,0,8,5,,14,10,1,PCG,Arithmetic,,0,,,0,3,7,11,0
3,0,3,5,8,10,10,1,dual_port_ram,Combinational,6,0,18,23,0,0,10,10,0
3,0,5,5,,9,10,1,gray_to_binary,Combinational,,0,3,2,0,0,2,6,3
3,1,22,5,,11,10,1,alu_16,Arithmetic,4,3,30,38,1,1,17,26,0
3,0,2,5,,8,10,1,my_or4,Combinational,,0,3,8,3,0,6,6,0
3,3,11,5,,12,10,1,niosii_nios2_gen2_0_cpu_nios2_avalon_reg,Sequential,4,0,12,24,1,0,20,20,0
3,0,1,5,1,10,10,1,dff,Combinational,2,0,3,7,0,0,5,5,0
3,27,15,5,,14,10,1,instruction_fetch,Memory,10,1,27,35,6,0,16,22,0
3,15,15,5,,12,10,1,mealy_101_sequence_detection,Memory,,0,0,6,0,0,8,19,0
3,0,8,5,5,12,10,1,mul_16_32_mult_gen,Sequential,11,0,19,27,0,1,13,13,0
3,1,9,5,,8,10,1,byte_reversal,Combinational,1,0,4,10,1,0,6,10,0
3,0,9,5,3,12,10,1,fifo_w64_d3_A_shiftReg,Combinational,3,0,10,15,0,2,7,13,0
3,1,3,5,3,14,10,1,rising_edge_detector,Sequential,3,1,3,13,5,0,6,6,0
3,0,4,5,,11,10,1,tr_clk_data,Sequential,,0,0,6,0,0,8,8,1
3,2,4,5,,10,10,1,bar_leds,Combinational,1,1,5,8,0,0,4,7,0
3,1,6,5,,14,10,1,Uart_rx,Sequential,19,1,36,34,0,0,11,11,0
3,3,8,5,,12,10,1,sky130_fd_sc_hs__fa,Combinational,,0,7,14,2,0,9,13,2
3,3,9,5,,12,10,1,twos_complement_adder,Combinational,1,2,11,13,2,3,6,11,0
3,0,2,5,,12,10,1,ADC_INTERFACE,Sequential,2,1,5,8,0,0,5,5,0
3,0,5,5,,9,10,1,gray_code,Combinational,,0,3,2,0,0,2,6,3
3,1,28,5,5,13,10,1,axis_gate_controller,Arithmetic,16,1,27,35,1,1,18,32,0
3,0,2,5,,9,10,1,max_byte,Combinational,1,0,2,4,0,0,3,4,0
3,0,1,5,1,10,10,1,up_counter,Counter,1,0,3,5,0,1,3,3,0
3,0,12,5,,9,10,1,BCD_to_Binary,Combinational,,0,10,11,0,0,2,13,0
3,0,10,5,2,13,10,1,dna_sequencer,Memory,4,0,6,11,0,0,7,14,0
3,1,1,5,1,10,10,1,dff_reset,Sequential,1,1,3,7,0,0,4,4,0
3,0,2,5,,7,10,1,add_sub,Combinational,1,1,5,9,0,3,5,5,0
3,0,1,5,,10,10,1,clock_gate,Combinational,2,0,2,5,0,0,4,4,0
3,0,5,5,2,12,10,1,state_machine,Combinational,4,0,11,14,0,0,5,8,0
3,0,5,5,4,9,10,1,shift_register_4bit,Sequential,4,0,8,15,0,0,11,11,0
3,1,8,5,7,12,10,1,psdos,Sequential,33,4,64,59,3,2,10,10,0
3,0,4,5,,10,10,1,two_bit_comparator,Combinational,2,0,4,6,0,0,3,6,0
3,12,6,5,2,17,10,1,station_management,Combinational,11,1,22,32,0,0,13,16,0
3,0,15,5,3,12,10,3,top_module,Arithmetic,1,0,7,14,0,2,22,22,0
3,0,1,5,1,8,10,1,Comparator,Combinational,1,0,3,6,0,0,4,4,0
3,1,45,5,,16,10,1,uart_tx,Interface,23,0,46,52,0,4,17,50,0
3,0,2,5,3,10,10,1,memory_generator,Memory,3,0,8,11,0,0,6,6,0
3,25,7,5,,16,10,1,ripple_carry_adder_4bit,Combinational,,0,59,59,26,0,5,10,8
3,0,21,5,2,9,10,5,top_module,Memory,1,0,3,9,0,0,24,24,0
3,0,70,5,,10,10,1,bin_to_7seg,Combinational,,0,9,16,0,0,8,71,0
3,12,1,5,,10,10,1,my_module,Combinational,,2,8,14,0,0,7,7,0
